PA ,region 
Bishan,Central
Bukit Merah,Central
Bukit Timah,Central
Downtown Core,Central
Geylang,Central
Kallang,Central
Marina East,Central
Marina South,Central
Marine Parade,Central
Museum,Central
Newton,Central
Novena,Central
Orchard,Central
Outram,Central
Queenstown,Central
River Valley,Central
Rochor,Central
Singapore River,Central
Southern Islands,Central
Straits View,Central
Tanglin,Central
Toa Payoh,Central
Bedok,East
Changi,East
Changi Bay,East
Pasir Ris,East
Paya Lebar,East
Tampines,East
Central Water Catchment,North
Lim Chu Kang,North
Mandai,North
Sembawang,North
Simpang,North
Sungei Kadut,North
Woodlands,North
Yishun,North
Ang Mo Kio,Northeast
Hougang,Northeast
North-Eastern Islands,Northeast
Punggol,Northeast
Seletar,Northeast
Sengkang,Northeast
Serangoon,Northeast
Boon Lay,West
Bukit Batok,West
Bukit Panjang,West
Choa Chu Kang,West
Clementi,West
Jurong East,West
Jurong West,West
Pioneer,West
Tengah,West
Tuas,West
Western Islands,West
Western Water Catchment,West